month_date_yyyymm,county_fips,county_name,median_listing_price
201912,34021,"mercer, nj",342500
201912,34031,"passaic, nj",385000
201912,34017,"hudson, nj",522500
201912,34039,"union, nj",399900
201912,34007,"camden, nj",199900
201912,34009,"cape may, nj",469450
201912,34003,"bergen, nj",632000
201912,34041,"warren, nj",265950
201912,34025,"monmouth, nj",534250
201912,34011,"cumberland, nj",142450
201912,34023,"middlesex, nj",385000
201912,34033,"salem, nj",137000
201912,34035,"somerset, nj",520000
201912,34037,"sussex, nj",284950
201912,34029,"ocean, nj",339950
201912,34019,"hunterdon, nj",499450
201912,34001,"atlantic, nj",249900
201912,34015,"gloucester, nj",209900
201912,34005,"burlington, nj",260900
201912,34027,"morris, nj",539000
201912,34013,"essex, nj",399000
201911,34009,"cape may, nj",460000
201911,34003,"bergen, nj",629000
201911,34023,"middlesex, nj",389900
201911,34005,"burlington, nj",270000
201911,34027,"morris, nj",539000
201911,34029,"ocean, nj",340000
201911,34011,"cumberland, nj",146000
201911,34013,"essex, nj",400000
201911,34021,"mercer, nj",349900
201911,34041,"warren, nj",269900
201911,34001,"atlantic, nj",250000
201911,34031,"passaic, nj",384900
201911,34035,"somerset, nj",529999
201911,34007,"camden, nj",199999
201911,34039,"union, nj",400000
201911,34017,"hudson, nj",524900
201911,34033,"salem, nj",140000
201911,34037,"sussex, nj",289000
201911,34019,"hunterdon, nj",499900
201911,34015,"gloucester, nj",212900
201911,34025,"monmouth, nj",539900
201910,34037,"sussex, nj",293500
201910,34035,"somerset, nj",547450
201910,34019,"hunterdon, nj",499000
201910,34041,"warren, nj",267500
201910,34001,"atlantic, nj",249900
201910,34021,"mercer, nj",371000
201910,34005,"burlington, nj",279900
201910,34031,"passaic, nj",385000
201910,34007,"camden, nj",205500
201910,34003,"bergen, nj",638950
201910,34027,"morris, nj",538900
201910,34013,"essex, nj",416950
201910,34025,"monmouth, nj",539900
201910,34009,"cape may, nj",444000
201910,34033,"salem, nj",144450
201910,34023,"middlesex, nj",399000
201910,34015,"gloucester, nj",209950
201910,34039,"union, nj",410000
201910,34029,"ocean, nj",340000
201910,34011,"cumberland, nj",147450
201910,34017,"hudson, nj",529000
201909,34019,"hunterdon, nj",499521
201909,34003,"bergen, nj",639900
201909,34025,"monmouth, nj",535000
201909,34031,"passaic, nj",386500
201909,34011,"cumberland, nj",149900
201909,34009,"cape may, nj",434807
201909,34027,"morris, nj",539900
201909,34039,"union, nj",400000
201909,34029,"ocean, nj",346157
201909,34017,"hudson, nj",523100
201909,34037,"sussex, nj",289000
201909,34041,"warren, nj",267921
201909,34035,"somerset, nj",560143
201909,34013,"essex, nj",419950
201909,34007,"camden, nj",206000
201909,34005,"burlington, nj",276950
201909,34001,"atlantic, nj",249900
201909,34023,"middlesex, nj",399900
201909,34021,"mercer, nj",375950
201909,34033,"salem, nj",140000
201909,34015,"gloucester, nj",210000
201908,34005,"burlington, nj",272043
201908,34033,"salem, nj",141100
201908,34029,"ocean, nj",343157
201908,34023,"middlesex, nj",399900
201908,34011,"cumberland, nj",149386
201908,34019,"hunterdon, nj",499571
201908,34041,"warren, nj",268871
201908,34039,"union, nj",405086
201908,34021,"mercer, nj",371657
201908,34027,"morris, nj",544629
201908,34003,"bergen, nj",634285
201908,34001,"atlantic, nj",255614
201908,34017,"hudson, nj",525100
201908,34025,"monmouth, nj",534429
201908,34009,"cape may, nj",434857
201908,34031,"passaic, nj",381714
201908,34037,"sussex, nj",286714
201908,34013,"essex, nj",415000
201908,34007,"camden, nj",202142
201908,34035,"somerset, nj",568143
201908,34015,"gloucester, nj",212757
201907,34001,"atlantic, nj",259950
201907,34019,"hunterdon, nj",499995
201907,34039,"union, nj",417000
201907,34005,"burlington, nj",269900
201907,34033,"salem, nj",140500
201907,34023,"middlesex, nj",404900
201907,34031,"passaic, nj",380000
201907,34029,"ocean, nj",339900
201907,34013,"essex, nj",423000
201907,34037,"sussex, nj",285000
201907,34035,"somerset, nj",592000
201907,34027,"morris, nj",549000
201907,34011,"cumberland, nj",149450
201907,34007,"camden, nj",200000
201907,34041,"warren, nj",273900
201907,34021,"mercer, nj",375750
201907,34017,"hudson, nj",534500
201907,34025,"monmouth, nj",534450
201907,34003,"bergen, nj",639000
201907,34015,"gloucester, nj",214900
201907,34009,"cape may, nj",432450
201906,34025,"monmouth, nj",539900
201906,34011,"cumberland, nj",145000
201906,34039,"union, nj",423000
201906,34013,"essex, nj",439900
201906,34001,"atlantic, nj",260000
201906,34007,"camden, nj",209500
201906,34015,"gloucester, nj",215000
201906,34041,"warren, nj",269000
201906,34027,"morris, nj",550000
201906,34029,"ocean, nj",339000
201906,34037,"sussex, nj",279000
201906,34017,"hudson, nj",550000
201906,34019,"hunterdon, nj",499900
201906,34033,"salem, nj",140000
201906,34009,"cape may, nj",432000
201906,34005,"burlington, nj",269000
201906,34035,"somerset, nj",599900
201906,34021,"mercer, nj",385000
201906,34003,"bergen, nj",642000
201906,34023,"middlesex, nj",408888
201906,34031,"passaic, nj",375000
201905,34015,"gloucester, nj",209950
201905,34041,"warren, nj",254500
201905,34019,"hunterdon, nj",499900
201905,34009,"cape may, nj",429900
201905,34007,"camden, nj",199900
201905,34011,"cumberland, nj",142450
201905,34035,"somerset, nj",599400
201905,34005,"burlington, nj",261995
201905,34017,"hudson, nj",550000
201905,34031,"passaic, nj",367400
201905,34025,"monmouth, nj",534950
201905,34003,"bergen, nj",629000
201905,34013,"essex, nj",429900
201905,34029,"ocean, nj",334450
201905,34021,"mercer, nj",377450
201905,34001,"atlantic, nj",269000
201905,34033,"salem, nj",134950
201905,34023,"middlesex, nj",399900
201905,34039,"union, nj",429750
201905,34037,"sussex, nj",279000
201905,34027,"morris, nj",549450
201904,34031,"passaic, nj",358900
201904,34039,"union, nj",409250
201904,34011,"cumberland, nj",139900
201904,34007,"camden, nj",197450
201904,34037,"sussex, nj",272400
201904,34003,"bergen, nj",621444
201904,34025,"monmouth, nj",535571
201904,34001,"atlantic, nj",268495
201904,34021,"mercer, nj",347450
201904,34035,"somerset, nj",591950
201904,34017,"hudson, nj",558214
201904,34027,"morris, nj",534900
201904,34015,"gloucester, nj",204950
201904,34005,"burlington, nj",249950
201904,34009,"cape may, nj",426064
201904,34019,"hunterdon, nj",487000
201904,34033,"salem, nj",135000
201904,34041,"warren, nj",246500
201904,34013,"essex, nj",422643
201904,34029,"ocean, nj",334900
201904,34023,"middlesex, nj",394700
201903,34001,"atlantic, nj",256281
201903,34025,"monmouth, nj",527571
201903,34021,"mercer, nj",324943
201903,34023,"middlesex, nj",380580
201903,34015,"gloucester, nj",202137
201903,34013,"essex, nj",410143
201903,34005,"burlington, nj",244186
201903,34035,"somerset, nj",566714
201903,34031,"passaic, nj",358900
201903,34007,"camden, nj",189671
201903,34003,"bergen, nj",601895
201903,34011,"cumberland, nj",139900
201903,34019,"hunterdon, nj",476371
201903,34033,"salem, nj",135000
201903,34029,"ocean, nj",329242
201903,34041,"warren, nj",237857
201903,34009,"cape may, nj",433514
201903,34027,"morris, nj",527100
201903,34037,"sussex, nj",263671
201903,34039,"union, nj",392071
201903,34017,"hudson, nj",545714
201902,34027,"morris, nj",519450
201902,34005,"burlington, nj",238700
201902,34001,"atlantic, nj",246250
201902,34041,"warren, nj",229950
201902,34003,"bergen, nj",587450
201902,34017,"hudson, nj",532500
201902,34039,"union, nj",377000
201902,34037,"sussex, nj",252000
201902,34011,"cumberland, nj",139680
201902,34035,"somerset, nj",545950
201902,34007,"camden, nj",184400
201902,34021,"mercer, nj",300000
201902,34025,"monmouth, nj",507500
201902,34013,"essex, nj",399000
201902,34015,"gloucester, nj",199895
201902,34031,"passaic, nj",352450
201902,34023,"middlesex, nj",367700
201902,34009,"cape may, nj",439000
201902,34033,"salem, nj",136750
201902,34029,"ocean, nj",320500
201902,34019,"hunterdon, nj",469950
201901,34031,"passaic, nj",349900
201901,34039,"union, nj",369900
201901,34019,"hunterdon, nj",462450
201901,34003,"bergen, nj",576889
201901,34007,"camden, nj",179950
201901,34035,"somerset, nj",525000
201901,34001,"atlantic, nj",244950
201901,34037,"sussex, nj",250000
201901,34009,"cape may, nj",425000
201901,34033,"salem, nj",139000
201901,34011,"cumberland, nj",139900
201901,34025,"monmouth, nj",499450
201901,34021,"mercer, nj",289723
201901,34027,"morris, nj",499950
201901,34029,"ocean, nj",307450
201901,34005,"burlington, nj",234450
201901,34041,"warren, nj",225000
201901,34015,"gloucester, nj",195000
201901,34013,"essex, nj",372500
201901,34023,"middlesex, nj",364900
201901,34017,"hudson, nj",523000
201812,34003,"bergen, nj",595000
201812,34025,"monmouth, nj",499500
201812,34039,"union, nj",375000
201812,34023,"middlesex, nj",359900
201812,34011,"cumberland, nj",140000
201812,34021,"mercer, nj",298999
201812,34037,"sussex, nj",262000
201812,34013,"essex, nj",390000
201812,34041,"warren, nj",234500
201812,34007,"camden, nj",184900
201812,34027,"morris, nj",519900
201812,34017,"hudson, nj",539000
201812,34019,"hunterdon, nj",473000
201812,34015,"gloucester, nj",195000
201812,34029,"ocean, nj",315000
201812,34033,"salem, nj",139000
201812,34009,"cape may, nj",415000
201812,34035,"somerset, nj",534900
201812,34001,"atlantic, nj",249000
201812,34005,"burlington, nj",239900
201812,34031,"passaic, nj",349900
201811,34015,"gloucester, nj",199900
201811,34039,"union, nj",384450
201811,34025,"monmouth, nj",507400
201811,34037,"sussex, nj",269900
201811,34007,"camden, nj",189900
201811,34027,"morris, nj",529000
201811,34021,"mercer, nj",312450
201811,34029,"ocean, nj",319900
201811,34001,"atlantic, nj",249700
201811,34023,"middlesex, nj",368500
201811,34011,"cumberland, nj",144500
201811,34013,"essex, nj",399900
201811,34019,"hunterdon, nj",475000
201811,34005,"burlington, nj",249950
201811,34035,"somerset, nj",539900
201811,34041,"warren, nj",248750
201811,34033,"salem, nj",139900
201811,34031,"passaic, nj",350000
201811,34017,"hudson, nj",549900
201811,34003,"bergen, nj",599000
201811,34009,"cape may, nj",404950
201810,34031,"passaic, nj",352500
201810,34021,"mercer, nj",317450
201810,34041,"warren, nj",250000
201810,34035,"somerset, nj",549900
201810,34003,"bergen, nj",599000
201810,34033,"salem, nj",143750
201810,34007,"camden, nj",189000
201810,34011,"cumberland, nj",149900
201810,34023,"middlesex, nj",369900
201810,34025,"monmouth, nj",520000
201810,34029,"ocean, nj",322495
201810,34039,"union, nj",389000
201810,34013,"essex, nj",422500
201810,34017,"hudson, nj",563900
201810,34005,"burlington, nj",249450
201810,34019,"hunterdon, nj",485448
201810,34015,"gloucester, nj",200000
201810,34001,"atlantic, nj",249900
201810,34009,"cape may, nj",399900
201810,34027,"morris, nj",539000
201810,34037,"sussex, nj",269900
201809,34035,"somerset, nj",550000
201809,34021,"mercer, nj",319900
201809,34041,"warren, nj",249900
201809,34001,"atlantic, nj",249900
201809,34017,"hudson, nj",559900
201809,34027,"morris, nj",539900
201809,34013,"essex, nj",419995
201809,34031,"passaic, nj",359000
201809,34003,"bergen, nj",599000
201809,34037,"sussex, nj",269000
201809,34009,"cape may, nj",399900
201809,34025,"monmouth, nj",529888
201809,34015,"gloucester, nj",199900
201809,34033,"salem, nj",135000
201809,34011,"cumberland, nj",149900
201809,34005,"burlington, nj",249900
201809,34029,"ocean, nj",324500
201809,34007,"camden, nj",184000
201809,34039,"union, nj",389000
201809,34023,"middlesex, nj",375000
201809,34019,"hunterdon, nj",489900
201808,34025,"monmouth, nj",525000
201808,34009,"cape may, nj",399000
201808,34015,"gloucester, nj",199900
201808,34029,"ocean, nj",324950
201808,34041,"warren, nj",252000
201808,34003,"bergen, nj",599950
201808,34037,"sussex, nj",260950
201808,34027,"morris, nj",542450
201808,34007,"camden, nj",179900
201808,34019,"hunterdon, nj",494450
201808,34005,"burlington, nj",254900
201808,34039,"union, nj",379000
201808,34021,"mercer, nj",329500
201808,34013,"essex, nj",427000
201808,34001,"atlantic, nj",249000
201808,34031,"passaic, nj",349900
201808,34017,"hudson, nj",529000
201808,34023,"middlesex, nj",375000
201808,34035,"somerset, nj",572450
201808,34033,"salem, nj",135000
201808,34011,"cumberland, nj",149250
201807,34037,"sussex, nj",259450
201807,34019,"hunterdon, nj",500498
201807,34007,"camden, nj",180000
201807,34009,"cape may, nj",399450
201807,34029,"ocean, nj",321495
201807,34025,"monmouth, nj",519950
201807,34031,"passaic, nj",350000
201807,34035,"somerset, nj",596050
201807,34015,"gloucester, nj",199450
201807,34027,"morris, nj",552500
201807,34039,"union, nj",380000
201807,34005,"burlington, nj",258400
201807,34033,"salem, nj",134900
201807,34001,"atlantic, nj",249000
201807,34013,"essex, nj",435000
201807,34021,"mercer, nj",336950
201807,34017,"hudson, nj",535000
201807,34011,"cumberland, nj",147000
201807,34041,"warren, nj",251500
201807,34023,"middlesex, nj",375000
201807,34003,"bergen, nj",623750
201806,34001,"atlantic, nj",245000
201806,34007,"camden, nj",179195
201806,34005,"burlington, nj",249900
201806,34025,"monmouth, nj",515000
201806,34017,"hudson, nj",529000
201806,34009,"cape may, nj",399900
201806,34037,"sussex, nj",250000
201806,34019,"hunterdon, nj",500000
201806,34041,"warren, nj",249900
201806,34033,"salem, nj",129900
201806,34023,"middlesex, nj",378900
201806,34003,"bergen, nj",625000
201806,34031,"passaic, nj",350000
201806,34027,"morris, nj",558000
201806,34029,"ocean, nj",320000
201806,34015,"gloucester, nj",194900
201806,34011,"cumberland, nj",144900
201806,34021,"mercer, nj",337000
201806,34039,"union, nj",379900
201806,34013,"essex, nj",449000
201806,34035,"somerset, nj",589000
201805,34007,"camden, nj",173400
201805,34009,"cape may, nj",399900
201805,34041,"warren, nj",247250
201805,34017,"hudson, nj",541500
201805,34027,"morris, nj",550000
201805,34011,"cumberland, nj",145450
201805,34001,"atlantic, nj",244950
201805,34029,"ocean, nj",320000
201805,34025,"monmouth, nj",501700
201805,34003,"bergen, nj",610000
201805,34031,"passaic, nj",354200
201805,34005,"burlington, nj",246950
201805,34015,"gloucester, nj",194950
201805,34019,"hunterdon, nj",499000
201805,34021,"mercer, nj",335000
201805,34037,"sussex, nj",249000
201805,34039,"union, nj",377250
201805,34035,"somerset, nj",578500
201805,34033,"salem, nj",125000
201805,34013,"essex, nj",431500
201805,34023,"middlesex, nj",379950
201804,34025,"monmouth, nj",499000
201804,34029,"ocean, nj",319450
201804,34005,"burlington, nj",232400
201804,34017,"hudson, nj",512000
201804,34009,"cape may, nj",402500
201804,34021,"mercer, nj",304450
201804,34035,"somerset, nj",585000
201804,34039,"union, nj",362000
201804,34001,"atlantic, nj",239900
201804,34023,"middlesex, nj",379950
201804,34027,"morris, nj",549900
201804,34031,"passaic, nj",349000
201804,34013,"essex, nj",402450
201804,34037,"sussex, nj",234950
201804,34041,"warren, nj",229900
201804,34033,"salem, nj",124900
201804,34007,"camden, nj",169450
201804,34011,"cumberland, nj",137000
201804,34019,"hunterdon, nj",494450
201804,34015,"gloucester, nj",189900
201804,34003,"bergen, nj",618500
201803,34039,"union, nj",349900
201803,34021,"mercer, nj",279900
201803,34029,"ocean, nj",309900
201803,34023,"middlesex, nj",360000
201803,34007,"camden, nj",164900
201803,34027,"morris, nj",535000
201803,34001,"atlantic, nj",235000
201803,34041,"warren, nj",224900
201803,34011,"cumberland, nj",135000
201803,34005,"burlington, nj",225900
201803,34025,"monmouth, nj",489900
201803,34037,"sussex, nj",230000
201803,34003,"bergen, nj",599000
201803,34015,"gloucester, nj",186250
201803,34017,"hudson, nj",515000
201803,34033,"salem, nj",124900
201803,34013,"essex, nj",375000
201803,34019,"hunterdon, nj",464400
201803,34031,"passaic, nj",339900
201803,34035,"somerset, nj",570000
201803,34009,"cape may, nj",399900
201802,34039,"union, nj",332400
201802,34031,"passaic, nj",329450
201802,34007,"camden, nj",160000
201802,34035,"somerset, nj",542200
201802,34003,"bergen, nj",591944
201802,34011,"cumberland, nj",131950
201802,34041,"warren, nj",213900
201802,34009,"cape may, nj",399900
201802,34027,"morris, nj",509000
201802,34021,"mercer, nj",249444
201802,34019,"hunterdon, nj",463498
201802,34015,"gloucester, nj",184900
201802,34005,"burlington, nj",219450
201802,34037,"sussex, nj",226750
201802,34017,"hudson, nj",499000
201802,34033,"salem, nj",124900
201802,34023,"middlesex, nj",349450
201802,34013,"essex, nj",344450
201802,34025,"monmouth, nj",469950
201802,34001,"atlantic, nj",233500
201802,34029,"ocean, nj",299900
201801,34011,"cumberland, nj",131650
201801,34019,"hunterdon, nj",449950
201801,34041,"warren, nj",216950
201801,34015,"gloucester, nj",182945
201801,34001,"atlantic, nj",229950
201801,34029,"ocean, nj",297000
201801,34021,"mercer, nj",244950
201801,34023,"middlesex, nj",342500
201801,34025,"monmouth, nj",450000
201801,34031,"passaic, nj",329450
201801,34035,"somerset, nj",529000
201801,34003,"bergen, nj",589000
201801,34027,"morris, nj",488950
201801,34037,"sussex, nj",219800
201801,34005,"burlington, nj",209900
201801,34009,"cape may, nj",398750
201801,34013,"essex, nj",332400
201801,34007,"camden, nj",159900
201801,34017,"hudson, nj",489000
201801,34039,"union, nj",325000
201801,34033,"salem, nj",119950
201712,34021,"mercer, nj",249900
201712,34029,"ocean, nj",299000
201712,34007,"camden, nj",159900
201712,34019,"hunterdon, nj",449900
201712,34035,"somerset, nj",539900
201712,34041,"warren, nj",224000
201712,34013,"essex, nj",334900
201712,34027,"morris, nj",499900
201712,34003,"bergen, nj",599000
201712,34031,"passaic, nj",329900
201712,34017,"hudson, nj",499000
201712,34005,"burlington, nj",214900
201712,34025,"monmouth, nj",465000
201712,34037,"sussex, nj",219950
201712,34023,"middlesex, nj",348500
201712,34039,"union, nj",329000
201712,34001,"atlantic, nj",235000
201712,34015,"gloucester, nj",184900
201712,34033,"salem, nj",121286
201712,34011,"cumberland, nj",134000
201712,34009,"cape may, nj",389900
201711,34001,"atlantic, nj",239450
201711,34035,"somerset, nj",550000
201711,34005,"burlington, nj",219900
201711,34029,"ocean, nj",299900
201711,34007,"camden, nj",160000
201711,34039,"union, nj",334450
201711,34003,"bergen, nj",599895
201711,34025,"monmouth, nj",474250
201711,34037,"sussex, nj",229900
201711,34011,"cumberland, nj",131450
201711,34033,"salem, nj",124950
201711,34027,"morris, nj",502500
201711,34021,"mercer, nj",264500
201711,34031,"passaic, nj",339000
201711,34017,"hudson, nj",479450
201711,34041,"warren, nj",227700
201711,34023,"middlesex, nj",349900
201711,34019,"hunterdon, nj",449950
201711,34015,"gloucester, nj",189900
201711,34013,"essex, nj",349000
201711,34009,"cape may, nj",392000
201710,34003,"bergen, nj",599000
201710,34031,"passaic, nj",335450
201710,34035,"somerset, nj",562500
201710,34027,"morris, nj",517000
201710,34009,"cape may, nj",386950
201710,34011,"cumberland, nj",136200
201710,34037,"sussex, nj",229250
201710,34007,"camden, nj",165000
201710,34025,"monmouth, nj",477000
201710,34017,"hudson, nj",493950
201710,34019,"hunterdon, nj",450000
201710,34039,"union, nj",332450
201710,34029,"ocean, nj",299999
201710,34041,"warren, nj",232000
201710,34013,"essex, nj",359450
201710,34033,"salem, nj",124900
201710,34005,"burlington, nj",227250
201710,34015,"gloucester, nj",195000
201710,34023,"middlesex, nj",351450
201710,34001,"atlantic, nj",241450
201710,34021,"mercer, nj",279900
201709,34037,"sussex, nj",234900
201709,34041,"warren, nj",238000
201709,34011,"cumberland, nj",139900
201709,34013,"essex, nj",355000
201709,34017,"hudson, nj",479950
201709,34025,"monmouth, nj",475000
201709,34023,"middlesex, nj",359000
201709,34021,"mercer, nj",294900
201709,34039,"union, nj",329000
201709,34007,"camden, nj",165000
201709,34029,"ocean, nj",309900
201709,34005,"burlington, nj",222500
201709,34019,"hunterdon, nj",459995
201709,34003,"bergen, nj",599000
201709,34001,"atlantic, nj",240000
201709,34035,"somerset, nj",559500
201709,34031,"passaic, nj",339000
201709,34027,"morris, nj",517500
201709,34033,"salem, nj",124900
201709,34015,"gloucester, nj",194900
201709,34009,"cape may, nj",379900
201708,34011,"cumberland, nj",143750
201708,34003,"bergen, nj",599000
201708,34015,"gloucester, nj",197963
201708,34013,"essex, nj",349900
201708,34029,"ocean, nj",309945
201708,34009,"cape may, nj",379000
201708,34023,"middlesex, nj",359000
201708,34021,"mercer, nj",304450
201708,34041,"warren, nj",245950
201708,34017,"hudson, nj",471998
201708,34019,"hunterdon, nj",467000
201708,34031,"passaic, nj",331500
201708,34007,"camden, nj",165000
201708,34027,"morris, nj",524250
201708,34035,"somerset, nj",562400
201708,34039,"union, nj",325000
201708,34033,"salem, nj",124250
201708,34037,"sussex, nj",235000
201708,34001,"atlantic, nj",239450
201708,34005,"burlington, nj",224900
201708,34025,"monmouth, nj",479450
201707,34005,"burlington, nj",224900
201707,34027,"morris, nj",539000
201707,34025,"monmouth, nj",485000
201707,34013,"essex, nj",360000
201707,34035,"somerset, nj",574900
201707,34009,"cape may, nj",384500
201707,34015,"gloucester, nj",196500
201707,34033,"salem, nj",128500
201707,34037,"sussex, nj",239800
201707,34041,"warren, nj",242000
201707,34001,"atlantic, nj",239000
201707,34023,"middlesex, nj",359000
201707,34017,"hudson, nj",475000
201707,34039,"union, nj",334900
201707,34003,"bergen, nj",599900
201707,34019,"hunterdon, nj",469000
201707,34011,"cumberland, nj",139900
201707,34031,"passaic, nj",335999
201707,34029,"ocean, nj",315000
201707,34021,"mercer, nj",299999
201707,34007,"camden, nj",169000
201706,34015,"gloucester, nj",194950
201706,34017,"hudson, nj",483000
201706,34013,"essex, nj",375000
201706,34031,"passaic, nj",329944
201706,34025,"monmouth, nj",487000
201706,34011,"cumberland, nj",139900
201706,34019,"hunterdon, nj",469900
201706,34027,"morris, nj",533450
201706,34033,"salem, nj",129000
201706,34021,"mercer, nj",299450
201706,34041,"warren, nj",244950
201706,34029,"ocean, nj",317000
201706,34003,"bergen, nj",599900
201706,34005,"burlington, nj",220000
201706,34023,"middlesex, nj",355000
201706,34007,"camden, nj",169450
201706,34037,"sussex, nj",229975
201706,34039,"union, nj",339500
201706,34009,"cape may, nj",389700
201706,34035,"somerset, nj",579000
201706,34001,"atlantic, nj",238500
201705,34019,"hunterdon, nj",470000
201705,34001,"atlantic, nj",235250
201705,34039,"union, nj",336950
201705,34035,"somerset, nj",574950
201705,34033,"salem, nj",129900
201705,34025,"monmouth, nj",489450
201705,34015,"gloucester, nj",193000
201705,34041,"warren, nj",239900
201705,34005,"burlington, nj",217450
201705,34017,"hudson, nj",459950
201705,34029,"ocean, nj",314750
201705,34011,"cumberland, nj",139900
201705,34027,"morris, nj",525000
201705,34009,"cape may, nj",388950
201705,34007,"camden, nj",167450
201705,34021,"mercer, nj",298950
201705,34023,"middlesex, nj",352500
201705,34013,"essex, nj",377000
201705,34003,"bergen, nj",611950
201705,34037,"sussex, nj",229900
201705,34031,"passaic, nj",319950
201704,34037,"sussex, nj",225000
201704,34027,"morris, nj",519900
201704,34023,"middlesex, nj",349900
201704,34033,"salem, nj",119900
201704,34029,"ocean, nj",309900
201704,34003,"bergen, nj",599999
201704,34015,"gloucester, nj",189900
201704,34025,"monmouth, nj",479000
201704,34013,"essex, nj",354350
201704,34041,"warren, nj",229900
201704,34031,"passaic, nj",319900
201704,34021,"mercer, nj",279900
201704,34007,"camden, nj",164999
201704,34017,"hudson, nj",435000
201704,34005,"burlington, nj",205000
201704,34019,"hunterdon, nj",455000
201704,34001,"atlantic, nj",229900
201704,34039,"union, nj",316500
201704,34011,"cumberland, nj",139900
201704,34035,"somerset, nj",539000
201704,34009,"cape may, nj",389900
201703,34005,"burlington, nj",199700
201703,34015,"gloucester, nj",183958
201703,34013,"essex, nj",329250
201703,34023,"middlesex, nj",337450
201703,34029,"ocean, nj",304500
201703,34001,"atlantic, nj",229000
201703,34021,"mercer, nj",251950
201703,34003,"bergen, nj",584961
201703,34035,"somerset, nj",536950
201703,34033,"salem, nj",119900
201703,34039,"union, nj",297000
201703,34017,"hudson, nj",424500
201703,34009,"cape may, nj",389950
201703,34019,"hunterdon, nj",449450
201703,34037,"sussex, nj",227000
201703,34007,"camden, nj",159900
201703,34027,"morris, nj",513950
201703,34011,"cumberland, nj",139000
201703,34031,"passaic, nj",309950
201703,34041,"warren, nj",222400
201703,34025,"monmouth, nj",459459
201702,34019,"hunterdon, nj",444750
201702,34027,"morris, nj",481975
201702,34003,"bergen, nj",559000
201702,34013,"essex, nj",295250
201702,34029,"ocean, nj",299250
201702,34005,"burlington, nj",189950
201702,34009,"cape may, nj",395000
201702,34001,"atlantic, nj",224950
201702,34033,"salem, nj",119450
201702,34039,"union, nj",280000
201702,34037,"sussex, nj",219900
201702,34015,"gloucester, nj",179000
201702,34025,"monmouth, nj",449900
201702,34023,"middlesex, nj",322500
201702,34011,"cumberland, nj",134500
201702,34035,"somerset, nj",509950
201702,34017,"hudson, nj",399450
201702,34021,"mercer, nj",241450
201702,34007,"camden, nj",154950
201702,34041,"warren, nj",219950
201702,34031,"passaic, nj",299894
201701,34003,"bergen, nj",549450
201701,34023,"middlesex, nj",319250
201701,34015,"gloucester, nj",179900
201701,34021,"mercer, nj",239400
201701,34013,"essex, nj",274950
201701,34033,"salem, nj",118450
201701,34009,"cape may, nj",388250
201701,34029,"ocean, nj",297000
201701,34035,"somerset, nj",499901
201701,34007,"camden, nj",152900
201701,34039,"union, nj",279450
201701,34041,"warren, nj",219000
201701,34031,"passaic, nj",299000
201701,34011,"cumberland, nj",134000
201701,34019,"hunterdon, nj",448500
201701,34017,"hudson, nj",399000
201701,34025,"monmouth, nj",449000
201701,34037,"sussex, nj",215000
201701,34001,"atlantic, nj",224900
201701,34005,"burlington, nj",189900
201701,34027,"morris, nj",462000
201612,34015,"gloucester, nj",179900
201612,34005,"burlington, nj",195000
201612,34021,"mercer, nj",244000
201612,34017,"hudson, nj",399000
201612,34009,"cape may, nj",385000
201612,34001,"atlantic, nj",225000
201612,34025,"monmouth, nj",449900
201612,34029,"ocean, nj",290000
201612,34027,"morris, nj",474900
201612,34039,"union, nj",279000
201612,34011,"cumberland, nj",132000
201612,34003,"bergen, nj",549000
201612,34013,"essex, nj",279972
201612,34007,"camden, nj",154900
201612,34023,"middlesex, nj",319000
201612,34037,"sussex, nj",224900
201612,34031,"passaic, nj",309000
201612,34041,"warren, nj",224900
201612,34035,"somerset, nj",515000
201612,34019,"hunterdon, nj",449900
201612,34033,"salem, nj",119000
201611,34005,"burlington, nj",200000
201611,34019,"hunterdon, nj",453500
201611,34037,"sussex, nj",229950
201611,34001,"atlantic, nj",228750
201611,34013,"essex, nj",297000
201611,34017,"hudson, nj",425000
201611,34031,"passaic, nj",309900
201611,34033,"salem, nj",119900
201611,34041,"warren, nj",229250
201611,34021,"mercer, nj",262200
201611,34007,"camden, nj",159900
201611,34023,"middlesex, nj",325000
201611,34015,"gloucester, nj",180950
201611,34029,"ocean, nj",299000
201611,34009,"cape may, nj",389000
201611,34025,"monmouth, nj",450000
201611,34039,"union, nj",289950
201611,34027,"morris, nj",484450
201611,34035,"somerset, nj",539450
201611,34003,"bergen, nj",549450
201611,34011,"cumberland, nj",134950
201610,34037,"sussex, nj",235500
201610,34029,"ocean, nj",299000
201610,34003,"bergen, nj",549900
201610,34019,"hunterdon, nj",449900
201610,34001,"atlantic, nj",225000
201610,34009,"cape may, nj",389900
201610,34025,"monmouth, nj",454000
201610,34015,"gloucester, nj",184900
201610,34035,"somerset, nj",534900
201610,34011,"cumberland, nj",135000
201610,34033,"salem, nj",129000
201610,34031,"passaic, nj",314900
201610,34017,"hudson, nj",429000
201610,34039,"union, nj",297900
201610,34023,"middlesex, nj",329000
201610,34021,"mercer, nj",259900
201610,34007,"camden, nj",159900
201610,34005,"burlington, nj",203000
201610,34041,"warren, nj",239900
201610,34027,"morris, nj",489900
201610,34013,"essex, nj",309900
201609,34011,"cumberland, nj",135500
201609,34039,"union, nj",289500
201609,34003,"bergen, nj",549700
201609,34017,"hudson, nj",404900
201609,34031,"passaic, nj",310000
201609,34025,"monmouth, nj",459450
201609,34027,"morris, nj",485000
201609,34037,"sussex, nj",239950
201609,34007,"camden, nj",160000
201609,34035,"somerset, nj",536338
201609,34009,"cape may, nj",379900
201609,34005,"burlington, nj",207950
201609,34013,"essex, nj",322500
201609,34015,"gloucester, nj",184950
201609,34021,"mercer, nj",265450
201609,34033,"salem, nj",125950
201609,34023,"middlesex, nj",334250
201609,34041,"warren, nj",242000
201609,34001,"atlantic, nj",223300
201609,34019,"hunterdon, nj",454950
201609,34029,"ocean, nj",299000
201608,34021,"mercer, nj",269694
201608,34013,"essex, nj",324450
201608,34017,"hudson, nj",398500
201608,34001,"atlantic, nj",222000
201608,34039,"union, nj",287000
201608,34009,"cape may, nj",382450
201608,34007,"camden, nj",164450
201608,34011,"cumberland, nj",135000
201608,34019,"hunterdon, nj",466950
201608,34031,"passaic, nj",314450
201608,34015,"gloucester, nj",184950
201608,34029,"ocean, nj",299000
201608,34033,"salem, nj",129950
201608,34005,"burlington, nj",212450
201608,34003,"bergen, nj",549995
201608,34023,"middlesex, nj",330950
201608,34037,"sussex, nj",241250
201608,34025,"monmouth, nj",459950
201608,34027,"morris, nj",488000
201608,34035,"somerset, nj",537000
201608,34041,"warren, nj",239500
201607,34025,"monmouth, nj",464900
201607,34001,"atlantic, nj",224500
201607,34023,"middlesex, nj",330000
201607,34039,"union, nj",289900
201607,34033,"salem, nj",129900
201607,34005,"burlington, nj",220000
201607,34017,"hudson, nj",389000
201607,34003,"bergen, nj",559000
201607,34035,"somerset, nj",549900
201607,34027,"morris, nj",499000
201607,34029,"ocean, nj",299000
201607,34013,"essex, nj",335000
201607,34011,"cumberland, nj",139900
201607,34041,"warren, nj",249000
201607,34031,"passaic, nj",315100
201607,34037,"sussex, nj",245000
201607,34021,"mercer, nj",274900
201607,34019,"hunterdon, nj",479000
201607,34009,"cape may, nj",389900
201607,34015,"gloucester, nj",189900
201607,34007,"camden, nj",164900
